permutation,label,True Positives (TP),TP %,False Positives (FP),FP %,False Negatives (FN),FN %,True Negatives (TN),TN %,precision,recall,specificity,f1,accuracy,n
shuffle_1,GuiltMoreLikely,51,14.739884393063585,26,7.514450867052023,8,2.312138728323699,261,75.43352601156069,0.6623376623376623,0.864406779661017,0.9094076655052264,0.75,0.9017341040462428,346
shuffle_1,GuiltLessLikely,5,1.4450867052023122,9,2.601156069364162,26,7.514450867052023,306,88.4393063583815,0.35714285714285715,0.16129032258064516,0.9714285714285714,0.2222222222222222,0.8988439306358381,346
shuffle_1,NoInformation_Evidence,67,19.36416184971098,22,6.358381502890173,19,5.491329479768786,238,68.78612716763006,0.7528089887640449,0.7790697674418605,0.9153846153846154,0.7657142857142858,0.8815028901734104,346
shuffle_1,InnocentUntilProvenGuilty,6,1.7341040462427744,17,4.913294797687861,3,0.8670520231213872,320,92.48554913294798,0.2608695652173913,0.6666666666666666,0.9495548961424333,0.37500000000000006,0.9421965317919075,346
shuffle_1,Confound,0,0.0,0,0.0,22,6.358381502890173,324,93.64161849710982,0.0,0.0,1.0,0.0,0.9364161849710982,346
shuffle_1,Other,6,1.7341040462427744,13,3.7572254335260116,133,38.4393063583815,194,56.06936416184971,0.3157894736842105,0.04316546762589928,0.9371980676328503,0.0759493670886076,0.5780346820809249,346
