permutation,label,True Positives (TP),TP %,False Positives (FP),FP %,False Negatives (FN),FN %,True Negatives (TN),TN %,precision,recall,specificity,f1,accuracy,n
shuffle_2,GuiltMoreLikely,51,14.739884393063585,28,8.092485549132949,8,2.312138728323699,259,74.85549132947978,0.6455696202531646,0.864406779661017,0.9024390243902439,0.7391304347826088,0.8959537572254336,346
shuffle_2,GuiltLessLikely,9,2.601156069364162,8,2.312138728323699,22,6.358381502890173,307,88.72832369942196,0.5294117647058824,0.2903225806451613,0.9746031746031746,0.375,0.9132947976878613,346
shuffle_2,NoInformation_Evidence,63,18.20809248554913,16,4.624277456647398,23,6.6473988439306355,244,70.52023121387283,0.7974683544303798,0.7325581395348837,0.9384615384615385,0.7636363636363637,0.8872832369942196,346
shuffle_2,InnocentUntilProvenGuilty,7,2.023121387283237,34,9.826589595375722,2,0.5780346820809248,303,87.57225433526011,0.17073170731707318,0.7777777777777778,0.8991097922848664,0.27999999999999997,0.8959537572254336,346
shuffle_2,Confound,0,0.0,0,0.0,22,6.358381502890173,324,93.64161849710982,0.0,0.0,1.0,0.0,0.9364161849710982,346
shuffle_2,Other,5,1.4450867052023122,2,0.5780346820809248,134,38.72832369942196,205,59.2485549132948,0.7142857142857143,0.03597122302158273,0.9903381642512077,0.0684931506849315,0.6069364161849711,346
